{
    "meta": {
        "name": "Dimensity 9000(mt6983)[22.3.37]",
        "author": "hamjin@coolapk",
        "features": "touch cpuload render standby sfanalysis ssanalysis dispfeature"
    },
    "common": {
        "verboseLog": {
            "note": "用于调试的详细日志",
            "enable": false
        },
        "switchInode": {
            "note": "接收性能模式切换的inode节点",
            "path": "/sdcard/yc/uperf/cur_powermode"
        },
        "inputReader": {
            "note": "用户输入读取提供触摸按下/点击/滑动hint。sampleIntervalMinMs:最小用户输入采样间隔。swipeThdPct:滑动大于此相对距离阈值认为是滑动操作。gesturePctX:全面屏手势识别起始坐标X轴阈值。gesturePctY:全面屏手势识别起始坐标X轴阈值。gestureDelayMs:全面屏手势退出延时。holdEnterMs:长时间保持触摸的时长。",
            "enable": true,
            "sampleIntervalMinMs": 20,
            "swipeThdPct": 0.04,
            "gesturePctX": 0.04,
            "gesturePctY": 0.03,
            "gestureDelayMs": 3000,
            "holdEnterMs": 1000
        },
        "loadMonitor": {
            "note": "系统负载监视器提供重负载hint。load:系统负载为所有核心的负载总和，单个核心负载=频率(Ghz)*效率(A53@1.0g为100)*负载(%)。heavyLoad:进入HeavyLoad的系统负载阈值。idleLoad:退出HeavyLoad的系统负载阈值。requestBurstSlackMs:在上一次HeavyLoad结束后，且在requestBurstSlack时间内没有HeavyLoad请求，才能响应新的HeavyLoad。",
            "enable": false,
            "sampleIntervalMinMs": 100,
            "heavyLoad": 1800,
            "idleLoad": 1400,
            "requestBurstSlackMs": 3000
        },
        "sfAnalysis": {
            "note": "surfaceflinger分析器提供渲染开始/结束/滞后hint。boostCntMax:SfBoost可用次数缓存上限。boostGrowQuantumMs:每满此间隔没有SfBoost请求，则SfBoost可用次数+1。renderIdleSlackMs:进入渲染结束状态前的滞后时长。",
            "enable": true,
            "boostCntMax": 5000,
            "boostGrowQuantumMs": 8,
            "renderIdleSlackMs": 1
        },
        "ssAnalysis": {
            "note": "system_server分析器提供系统过渡动画开始/结束hint。",
            "enable": true
        },
        "uxAffinity": {
            "note": "UX线程自动设置，固定高优先级的UX线程到大核，并限制低优先级线程的需求响应",
            "enable": true
        },
        "dispFeature": {
            "note": "动态屏幕刷新率。path:白名单配置文件路径。rampDownDelayMs:降低屏幕刷新率前延时，降低频繁切换对视觉效果的影响。",
            "enable": false,
            "path": "/sdcard/yc/uperf/cfg_uperf_display.txt",
            "rampDownDelayMs": 2000
        },
        "dispatch": [
            {
                "hint": "None",
                "action": "normal",
                "maxDuration": 0,
                "note": "无Hint的常规状态"
            },
            {
                "hint": "Active",
                "action": "active",
                "maxDuration": 0,
                "note": "屏幕渲染刷新时切换的Hint"
            },
            {
                "hint": "Touch",
                "action": "interaction",
                "maxDuration": 0,
                "note": "触摸到屏幕切换的Hint"
            },
            {
                "hint": "Pressed",
                "action": "pressed",
                "maxDuration": 0,
                "note": "按住屏幕切换的Hint"
            },
            {
                "hint": "Tap",
                "action": "interaction",
                "maxDuration": 2000,
                "note": "点击松开屏幕切换的Hint"
            },
            {
                "hint": "Swipe",
                "action": "interaction",
                "maxDuration": 4000,
                "note": "在屏幕滑动一段距离松开后切换的Hint"
            },
            {
                "hint": "HeavyLoad",
                "action": "heavyLoad",
                "maxDuration": 2000,
                "note": "在Tap或Swipe检测到重负载后切换，负载降低后回落到Tap"
            },
            {
                "hint": "SfLag",
                "action": "sfLag",
                "maxDuration": 20,
                "note": "给Surfaceflinger的渲染提交出现滞后的Hint，滞后的渲染完成后会提前退出"
            },
            {
                "hint": "SfBoost",
                "action": "sfBoost",
                "maxDuration": 100,
                "note": "同SfLag，针对某些重负载场景"
            },
            {
                "hint": "SsAnim",
                "action": "heavyLoad",
                "maxDuration": 300,
                "note": "系统过渡动画的Hint"
            },
            {
                "hint": "Wakeup",
                "action": "sfBoost",
                "maxDuration": 1500,
                "note": "屏幕点亮Hint"
            }
        ],
        "stateTransition": {
            "note": "Hint状态转移表，key为源状态，value为目的状态列表（按优先级降序排列），不含状态退出转移",
            "None": [
                "Wakeup",
                "Touch",
                "Pressed",
                "Tap",
                "Swipe",
                "Active"
            ],
            "Active": [
                "Wakeup",
                "Touch",
                "Pressed",
                "Tap",
                "Swipe"
            ],
            "Touch": [
                "Wakeup",
                "SsAnim",
                "SfLag",
                "HeavyLoad"
            ],
            "Pressed": [
                "SsAnim",
                "SfBoost"
            ],
            "Tap": [
                "SsAnim",
                "SfLag",
                "HeavyLoad"
            ],
            "Swipe": [
                "SsAnim",
                "SfLag",
                "HeavyLoad"
            ],
            "HeavyLoad": [
                "SfBoost"
            ],
            "SfLag": [],
            "SfBoost": [],
            "SsAnim": [
                "SfBoost"
            ],
            "Wakeup": [
                "SfBoost"
            ]
        }
    },
    "platform": {
        "noteClusterCpuId": "集群的CPU代表id",
        "clusterCpuId": [
            0,
            4,
            7
        ],
        "noteEfficiency": "每个CPU核心的的相对同频性能，以Cortex-A53@1.0g为100",
        "efficiency": [
            125,
            125,
            125,
            125,
            360,
            360,
            360,
            420
        ],
        "knobs": [
            {
                "name": "cpuFreqMax0",
                "path": "/sys/devices/system/cpu/cpufreq/policy0/scaling_max_freq",
                "type": "string",
                "enable": true,
                "note": "集群0最大频率，单位为100Mhz"
            },
            {
                "name": "cpuFreqMin0",
                "path": "/sys/devices/system/cpu/cpufreq/policy0/scaling_min_freq",
                "type": "string",
                "enable": true,
                "note": "集群1最小频率，单位为100Mhz"
            },
            {
                "name": "cpuFreqMax1",
                "path": "/sys/devices/system/cpu/cpufreq/policy4/scaling_max_freq",
                "type": "string",
                "enable": true,
                "note": "集群1最大频率，单位为100Mhz"
            },
            {
                "name": "cpuFreqMin1",
                "path": "/sys/devices/system/cpu/cpufreq/policy4/scaling_min_freq",
                "type": "string",
                "enable": true,
                "note": "集群1最小频率，单位为100Mhz"
            },
            {
                "name": "cpuFreqMax2",
                "path": "/sys/devices/system/cpu/cpufreq/policy7/scaling_max_freq",
                "type": "string",
                "enable": true,
                "note": "集群2最大频率，单位为100Mhz"
            },
            {
                "name": "cpuFreqMin2",
                "path": "/sys/devices/system/cpu/cpufreq/policy7/scaling_min_freq",
                "type": "string",
                "enable": true,
                "note": "集群2最小频率，单位为100Mhz"
            },
            {
                "name": "topBoost",
                "path": "/dev/cpuctl/top-app/cpu.uclamp.min",
                "type": "string",
                "enable": true,
                "note": "正在交互的App的cpu.uclamp.min"
            },
            {
                "name": "heavyBoost",
                "path": "/dev/cpuctl/rt/cpu.uclamp.min",
                "type": "string",
                "enable": true,
                "note": "重负载线程的cpu.uclamp.min"
            },
            {
                "name": "bgBoost",
                "path": "/dev/cpuctl/background/cpu.uclamp.max",
                "type": "string",
                "enable": true,
                "note": "用户后台线程的cpu.uclamp.max"
            },
            {
                "name": "sysbgBoost",
                "path": "/dev/cpuctl/system-background/cpu.uclamp.max",
                "type": "string",
                "enable": true,
                "note": "系统后台线程的cpu.uclamp.max"
            },
            {
                "name": "gpumax",
                "note": "Mali GPU Freq ID",
                "enable": true,
                "path": "/dev/gpufreq_id",
                "type": "string"
            },
            {
                "name": "gpudvfsstep",
                "note": "Mali Load Based DVFS Step",
                "enable": true,
                "path": "/dev/gpufreq_step",
                "type": "string"
            },
            {
                "name": "gpudvfsload",
                "note": "Mali Load Based DVFS Load (100%-$gpudvfsload)",
                "enable": true,
                "path": "/sys/kernel/ged/hal/timer_base_dvfs_margin",
                "type": "string"
            },
            {
                "name": "dramforcefreq",
                "note": "MTK DRAM Force Frequency ID",
                "enable": false,
                "path": "/sys/kernel/helio-dvfsrc/dvfsrc_force_vcore_dvfs_opp",
                "type": "string"
            },
            {
                "name": "uxAffinity",
                "path": "placeholder",
                "type": "uxaffinity",
                "enable": true,
                "note": "0=idle，1=active，2=pulse，3=heavy，4=unlimited"
            },
            {
                "name": "dispFeature",
                "path": "placeholder",
                "type": "dispfeature",
                "enable": true,
                "note": "0=空闲，1=活动，2=正在交互"
            },
            {
                "name": "suRateUs",
                "path": "/sys/devices/system/cpu/cpufreq/policy%d/schedutil/rate_limit_us",
                "note": "sugov_ext升频最小间隔，单位微秒",
                "type": "percluster",
                "enable": true
            },
            {
                "name": "suDownRateUs",
                "path": "/sys/devices/system/cpu/cpufreq/policy%d/schedutil/rate_limit_us",
                "note": "sugov_ext降频最小间隔，单位微秒",
                "type": "percluster",
                "enable": false
            }
        ]
    },
    "powermodes": [
        {
            "name": "lowtemp",
            "note": "均衡模式，比原厂略流畅的同时略省电",
            "actions": {
                "normal": {
                    "cpuFreqMax0": "1800000",
                    "cpuFreqMin0": "700000",
                    "cpuFreqMax1": "1800000",
                    "cpuFreqMin1": "800000",
                    "cpuFreqMax2": "1800000",
                    "cpuFreqMin2": "1300000",
                    "schedBoost": "0",
                    "topBoost": "0",
                    "heavyBoost": "50",
                    "bgBoost": "45",
                    "sysbgBoost": "45",
                    "uxAffinity": "0",
                    "dispFeature": "0",
                    "gpumax": "31",
                    "gpudvfsstep": "4",
                    "gpudvfsload": "195",
                    "gpuAlwayson": "coarse_demand",
                    "dramforcefreq": "-1",
                    "suRateUs": "15000,10000,10000"
                },
                "active": {
                    "cpuFreqMax0": "1800000",
                    "cpuFreqMin0": "1050000",
                    "cpuFreqMax1": "1800000",
                    "cpuFreqMin1": "1000000",
                    "cpuFreqMax2": "1700000",
                    "cpuFreqMin2": "1300000",
                    "schedBoost": "0",
                    "topBoost": "0",
                    "heavyBoost": "0",
                    "uxAffinity": "0",
                    "bgBoost": "50",
                    "sysbgBoost": "50",
                    "dispFeature": "1",
                    "gpumax": "30",
                    "gpudvfsstep": "6",
                    "gpudvfsload": "195",
                    "gpuAlwayson": "coarse_demand",
                    "dramforcefreq": "-1",
                    "suRateUs": "15000,10000,10000"
                },
                "interaction": {
                    "cpuFreqMax0": "1800000",
                    "cpuFreqMin0": "1100000",
                    "cpuFreqMax1": "1400000",
                    "cpuFreqMin1": "1100000",
                    "cpuFreqMax2": "1300000",
                    "cpuFreqMin2": "1300000",
                    "schedBoost": "0",
                    "topBoost": "0",
                    "heavyBoost": "40",
                    "bgBoost": "45",
                    "sysbgBoost": "45",
                    "uxAffinity": "1",
                    "dispFeature": "2",
                    "gpumax": "25",
                    "gpudvfsstep": "8",
                    "gpudvfsload": "195",
                    "gpuAlwayson": "always_on",
                    "dramforcefreq": "-1",
                    "suRateUs": "10000,5000,5000"
                },
                "pressed": {
                    "cpuFreqMax0": "1800000",
                    "cpuFreqMin0": "1100000",
                    "cpuFreqMax1": "1800000",
                    "cpuFreqMin1": "1100000",
                    "cpuFreqMax2": "1600000",
                    "cpuFreqMin2": "1300000",
                    "schedBoost": "0",
                    "topBoost": "0",
                    "heavyBoost": "40",
                    "bgBoost": "45",
                    "sysbgBoost": "45",
                    "uxAffinity": "1",
                    "dispFeature": "2",
                    "gpumax": "27",
                    "gpudvfsstep": "4",
                    "gpudvfsload": "195",
                    "gpuAlwayson": "always_on",
                    "dramforcefreq": "-1",
                    "suRateUs": "10000,5000,5000"
                },
                "heavyLoad": {
                    "cpuFreqMax0": "1800000",
                    "cpuFreqMin0": "1500000",
                    "cpuFreqMax1": "1900000",
                    "cpuFreqMin1": "1500000",
                    "cpuFreqMax2": "1700000",
                    "cpuFreqMin2": "1300000",
                    "schedBoost": "0",
                    "topBoost": "0",
                    "heavyBoost": "40",
                    "bgBoost": "45",
                    "sysbgBoost": "45",
                    "uxAffinity": "2",
                    "dispFeature": "2",
                    "gpumax": "24",
                    "gpudvfsstep": "10",
                    "gpudvfsload": "195",
                    "gpuAlwayson": "always_on",
                    "dramforcefreq": "0",
                    "suRateUs": "10000,5000,5000"
                },
                "sfLag": {
                    "cpuFreqMax0": "1800000",
                    "cpuFreqMin0": "1400000",
                    "cpuFreqMax1": "1800000",
                    "cpuFreqMin1": "1400000",
                    "cpuFreqMax2": "2000000",
                    "cpuFreqMin2": "1300000",
                    "uxAffinity": "1",
                    "gpumax": "26",
                    "gpudvfsstep": "8",
                    "gpudvfsload": "195",
                    "gpuAlwayson": "always_on",
                    "dramforcefreq": "0",
                    "suRateUs": "10000,5000,5000"
                },
                "sfBoost": {
                    "cpuFreqMax0": "1800000",
                    "cpuFreqMin0": "1600000",
                    "cpuFreqMax1": "1800000",
                    "cpuFreqMin1": "1600000",
                    "cpuFreqMax2": "1600000",
                    "cpuFreqMin2": "1600000",
                    "topBoost": "0",
                    "heavyBoost": "40",
                    "bgBoost": "45",
                    "sysbgBoost": "45",
                    "uxAffinity": "2",
                    "gpumax": "23",
                    "gpudvfsstep": "16",
                    "gpudvfsload": "195",
                    "gpuAlwayson": "always_on",
                    "dramforcefreq": "0",
                    "suRateUs": "10000,5000,5000"
                }
            }
        },
        {
            "name": "yuanshen",
            "note": "Special Game Optimize For Genshin Impact",
            "actions": {
                "normal": {
                    "cpuFreqMax0": "1500000",
                    "cpuFreqMin0": "1000000",
                    "cpuFreqMax1": "1800000",
                    "cpuFreqMin1": "1200000",
                    "cpuFreqMax2": "1800000",
                    "cpuFreqMin2": "1800000",
                    "schedBoost": "0",
                    "topBoost": "0",
                    "heavyBoost": "0",
                    "bgBoost": "50.0",
                    "sysbgBoost": "50.0",
                    "uxAffinity": "4",
                    "dispFeature": "0",
                    "gpumax": "20",
                    "gpudvfsstep": "1",
                    "gpuAlwayson": "coarse_ondemand",
                    "suRateUs": "10000,0,0"
                },
                "active": {
                    "cpuFreqMax0": "1500000",
                    "cpuFreqMin0": "1000000",
                    "cpuFreqMax1": "1800000",
                    "cpuFreqMin1": "1600000",
                    "cpuFreqMax2": "1800000",
                    "cpuFreqMin2": "2000000",
                    "schedBoost": "0",
                    "topBoost": "0",
                    "heavyBoost": "0",
                    "bgBoost": "50.0",
                    "sysbgBoost": "50.0",
                    "uxAffinity": "4",
                    "dispFeature": "1",
                    "gpumax": "20",
                    "gpudvfsstep": "1",
                    "gpuAlwayson": "always_on",
                    "dramforcefreq": "0",
                    "suRateUs": "10000,0,0"
                },
                "interaction": {
                    "cpuFreqMax0": "1500000",
                    "cpuFreqMin0": "1000000",
                    "cpuFreqMax1": "1800000",
                    "cpuFreqMin1": "1600000",
                    "cpuFreqMax2": "1800000",
                    "cpuFreqMin2": "1600000",
                    "schedBoost": "0",
                    "topBoost": "0",
                    "heavyBoost": "0",
                    "bgBoost": "25",
                    "sysbgBoost": "65",
                    "uxAffinity": "3",
                    "dispFeature": "2",
                    "gpumax": "25",
                    "gpudvfsstep": "4",
                    "gpudvfsload": "130",
                    "gpuAlwayson": "always_on",
                    "dramforcefreq": "0",
                    "suRateUs": "10000,0,0"
                },
                "pressed": {
                    "cpuFreqMax0": "1500000",
                    "cpuFreqMin0": "1000000",
                    "cpuFreqMax1": "1800000",
                    "cpuFreqMin1": "1600000",
                    "cpuFreqMax2": "1800000",
                    "cpuFreqMin2": "1600000",
                    "schedBoost": "0",
                    "topBoost": "0",
                    "heavyBoost": "50.0",
                    "bgBoost": "50.0",
                    "sysbgBoost": "max",
                    "uxAffinity": "3",
                    "dispFeature": "2",
                    "gpumax": "25",
                    "gpudvfsstep": "3",
                    "gpudvfsload": "130",
                    "gpuAlwayson": "always_on",
                    "dramforcefreq": "0",
                    "suRateUs": "10000,0,0"
                },
                "heavyLoad": {
                    "cpuFreqMax0": "1500000",
                    "cpuFreqMin0": "1000000",
                    "cpuFreqMax1": "1800000",
                    "cpuFreqMin1": "1800000",
                    "cpuFreqMax2": "1800000",
                    "cpuFreqMin2": "1800000",
                    "schedBoost": "1",
                    "topBoost": "0",
                    "heavyBoost": "0",
                    "bgBoost": "62",
                    "sysbgBoost": "23",
                    "uxAffinity": "3",
                    "dispFeature": "2",
                    "gpumax": "25",
                    "gpudvfsstep": "5",
                    "gpudvfsload": "130",
                    "gpuAlwayson": "always_on",
                    "dramforcefreq": "0",
                    "suRateUs": "10000,0,0"
                },
                "sfLag": {
                    "cpuFreqMax0": "1500000",
                    "cpuFreqMin0": "1000000",
                    "cpuFreqMax1": "1800000",
                    "cpuFreqMin1": "1200000",
                    "cpuFreqMax2": "1800000",
                    "cpuFreqMin2": "1800000",
                    "uxAffinity": "3",
                    "gpumax": "25",
                    "gpudvfsstep": "5",
                    "gpudvfsload": "130",
                    "gpuAlwayson": "always_on",
                    "dramforcefreq": "0",
                    "suRateUs": "10000,0,0"
                },
                "sfBoost": {
                    "cpuFreqMax0": "1500000",
                    "cpuFreqMin0": "1000000",
                    "cpuFreqMax1": "1800000",
                    "cpuFreqMin1": "1800000",
                    "cpuFreqMax2": "1800000",
                    "cpuFreqMin2": "1800000",
                    "topBoost": "0",
                    "heavyBoost": "0",
                    "bgBoost": "max",
                    "sysbgBoost": "max",
                    "uxAffinity": "3",
                    "gpumax": "23",
                    "gpudvfsstep": "6",
                    "gpudvfsload": "130",
                    "gpuAlwayson": "always_on",
                    "dramforcefreq": "0",
                    "suRateUs": "10000,0,0"
                }
            }
        },
        {
            "name": "powersave",
            "note": "卡顿模式，保证基本流畅的同时尽可能降低功耗",
            "actions": {
                "normal": {
                    "cpuFreqMax0": "1800000",
                    "cpuFreqMin0": "200000",
                    "cpuFreqMax1": "700000",
                    "cpuFreqMin1": "400000",
                    "cpuFreqMax2": "1300000",
                    "cpuFreqMin2": "1300000",
                    "schedBoost": "0",
                    "topBoost": "0",
                    "heavyBoost": "40",
                    "bgBoost": "25",
                    "sysbgBoost": "35",
                    "uxAffinity": "0",
                    "dispFeature": "0",
                    "gpumax": "38",
                    "gpudvfsstep": "1",
                    "gpuAlwayson": "coarse_demand",
                    "dramforcefreq": "-1",
                    "suRateUs": "15000,10000,10000"
                },
                "active": {
                    "cpuFreqMax0": "1800000",
                    "cpuFreqMin0": "600000",
                    "cpuFreqMax1": "1400000",
                    "cpuFreqMin1": "400000",
                    "cpuFreqMax2": "1300000",
                    "cpuFreqMin2": "1300000",
                    "schedBoost": "0",
                    "topBoost": "0",
                    "heavyBoost": "0",
                    "bgBoost": "30",
                    "sysbgBoost": "35",
                    "uxAffinity": "0",
                    "dispFeature": "1",
                    "gpumax": "34",
                    "gpudvfsstep": "1",
                    "gpuAlwayson": "coarse_demand",
                    "dramforcefreq": "-1",
                    "suRateUs": "15000,10000,10000"
                },
                "interaction": {
                    "cpuFreqMax0": "1800000",
                    "cpuFreqMin0": "700000",
                    "cpuFreqMax1": "1500000",
                    "cpuFreqMin1": "500000",
                    "cpuFreqMax2": "1400000",
                    "cpuFreqMin2": "1300000",
                    "schedBoost": "0",
                    "topBoost": "0",
                    "heavyBoost": "30",
                    "bgBoost": "45",
                    "sysbgBoost": "45",
                    "uxAffinity": "1",
                    "dispFeature": "2",
                    "gpumax": "34",
                    "gpudvfsstep": "1",
                    "gpuAlwayson": "coarse_demand",
                    "dramforcefreq": "-1",
                    "suRateUs": "10000,5000,5000"
                },
                "pressed": {
                    "cpuFreqMax0": "1800000",
                    "cpuFreqMin0": "800000",
                    "cpuFreqMax1": "1500000",
                    "cpuFreqMin1": "600000",
                    "cpuFreqMax2": "1300000",
                    "cpuFreqMin2": "1300000",
                    "schedBoost": "0",
                    "topBoost": "0",
                    "heavyBoost": "30",
                    "bgBoost": "45",
                    "sysbgBoost": "45",
                    "uxAffinity": "1",
                    "dispFeature": "2",
                    "gpumax": "34",
                    "gpudvfsstep": "1",
                    "gpuAlwayson": "coarse_demand",
                    "dramforcefreq": "-1",
                    "suRateUs": "10000,5000,5000"
                },
                "heavyLoad": {
                    "cpuFreqMax0": "1800000",
                    "cpuFreqMin0": "1500000",
                    "cpuFreqMax1": "1500000",
                    "cpuFreqMin1": "1200000",
                    "cpuFreqMax2": "1600000",
                    "cpuFreqMin2": "1300000",
                    "schedBoost": "0",
                    "topBoost": "0",
                    "heavyBoost": "30",
                    "bgBoost": "45",
                    "sysbgBoost": "45",
                    "uxAffinity": "3",
                    "dispFeature": "2",
                    "gpumax": "32",
                    "gpudvfsstep": "5",
                    "gpuAlwayson": "always_on",
                    "dramforcefreq": "0",
                    "suRateUs": "10000,5000,5000"
                },
                "sfLag": {
                    "cpuFreqMax0": "1800000",
                    "cpuFreqMin0": "1300000",
                    "cpuFreqMax1": "900000",
                    "cpuFreqMin1": "900000",
                    "cpuFreqMax2": "1500000",
                    "cpuFreqMin2": "1300000",
                    "uxAffinity": "1",
                    "gpuAlwayson": "always_on",
                    "dramforcefreq": "0",
                    "suRateUs": "10000,5000,5000"
                },
                "sfBoost": {
                    "cpuFreqMax0": "1800000",
                    "cpuFreqMin0": "1500000",
                    "cpuFreqMax1": "1500000",
                    "cpuFreqMin1": "1500000",
                    "cpuFreqMax2": "1800000",
                    "cpuFreqMin2": "1300000",
                    "topBoost": "0",
                    "heavyBoost": "30",
                    "bgBoost": "45",
                    "sysbgBoost": "45",
                    "uxAffinity": "2",
                    "gpumax": "25",
                    "gpudvfsstep": "5",
                    "gpuAlwayson": "always_on",
                    "dramforcefreq": "0",
                    "suRateUs": "10000,5000,5000"
                }
            }
        },
        {
            "name": "balance",
            "note": "均衡模式，比原厂略流畅的同时略省电",
            "actions": {
                "normal": {
                    "cpuFreqMax0": "1800000",
                    "cpuFreqMin0": "200000",
                    "cpuFreqMax1": "1300000",
                    "cpuFreqMin1": "400000",
                    "cpuFreqMax2": "1800000",
                    "cpuFreqMin2": "1300000",
                    "schedBoost": "0",
                    "topBoost": "0",
                    "heavyBoost": "50",
                    "bgBoost": "45",
                    "sysbgBoost": "45",
                    "uxAffinity": "0",
                    "dispFeature": "0",
                    "gpumax": "28",
                    "gpudvfsstep": "1",
                    "gpuAlwayson": "coarse_demand",
                    "dramforcefreq": "-1",
                    "suRateUs": "15000,10000,10000"
                },
                "active": {
                    "cpuFreqMax0": "1800000",
                    "cpuFreqMin0": "1300000",
                    "cpuFreqMax1": "1700000",
                    "cpuFreqMin1": "1300000",
                    "cpuFreqMax2": "2000000",
                    "cpuFreqMin2": "1300000",
                    "schedBoost": "0",
                    "topBoost": "0",
                    "heavyBoost": "0",
                    "bgBoost": "10",
                    "sysbgBoost": "10",
                    "uxAffinity": "0",
                    "dispFeature": "1",
                    "gpumax": "25",
                    "gpudvfsstep": "3",
                    "gpuAlwayson": "coarse_demand",
                    "dramforcefreq": "-1",
                    "suRateUs": "15000,10000,10000"
                },
                "interaction": {
                    "cpuFreqMax0": "1800000",
                    "cpuFreqMin0": "1100000",
                    "cpuFreqMax1": "1700000",
                    "cpuFreqMin1": "1100000",
                    "cpuFreqMax2": "2000000",
                    "cpuFreqMin2": "1600000",
                    "schedBoost": "0",
                    "bgBoost": "45",
                    "sysbgBoost": "45",
                    "uxAffinity": "1",
                    "dispFeature": "2",
                    "gpumax": "25",
                    "gpudvfsstep": "5",
                    "gpuAlwayson": "always_on",
                    "dramforcefreq": "-1",
                    "suRateUs": "10000,5000,5000"
                },
                "pressed": {
                    "cpuFreqMax0": "1800000",
                    "cpuFreqMin0": "1100000",
                    "cpuFreqMax1": "1700000",
                    "cpuFreqMin1": "1100000",
                    "cpuFreqMax2": "2000000",
                    "cpuFreqMin2": "1600000",
                    "schedBoost": "0",
                    "topBoost": "0",
                    "heavyBoost": "40",
                    "bgBoost": "45",
                    "sysbgBoost": "45",
                    "uxAffinity": "1",
                    "dispFeature": "2",
                    "gpumax": "24",
                    "gpudvfsstep": "5",
                    "gpuAlwayson": "always_on",
                    "dramforcefreq": "-1",
                    "suRateUs": "10000,5000,5000"
                },
                "heavyLoad": {
                    "cpuFreqMax0": "1800000",
                    "cpuFreqMin0": "1600000",
                    "cpuFreqMax1": "1700000",
                    "cpuFreqMin1": "1300000",
                    "cpuFreqMax2": "2400000",
                    "cpuFreqMin2": "1800000",
                    "schedBoost": "0",
                    "topBoost": "0",
                    "heavyBoost": "40",
                    "bgBoost": "45",
                    "sysbgBoost": "45",
                    "uxAffinity": "3",
                    "dispFeature": "2",
                    "gpumax": "24",
                    "gpudvfsstep": "6",
                    "gpuAlwayson": "always_on",
                    "dramforcefreq": "0",
                    "suRateUs": "10000,5000,5000"
                },
                "sfLag": {
                    "cpuFreqMax0": "1800000",
                    "cpuFreqMin0": "1100000",
                    "cpuFreqMax1": "1700000",
                    "cpuFreqMin1": "1400000",
                    "cpuFreqMax2": "2000000",
                    "cpuFreqMin2": "1600000",
                    "uxAffinity": "1",
                    "gpuAlwayson": "always_on",
                    "suRateUs": "10000,5000,5000"
                },
                "sfBoost": {
                    "cpuFreqMax0": "1800000",
                    "cpuFreqMin0": "1600000",
                    "cpuFreqMax1": "2000000",
                    "cpuFreqMin1": "1700000",
                    "cpuFreqMax2": "2500000",
                    "cpuFreqMin2": "2000000",
                    "topBoost": "0",
                    "heavyBoost": "40",
                    "bgBoost": "45",
                    "sysbgBoost": "45",
                    "uxAffinity": "2",
                    "gpumax": "22",
                    "gpudvfsstep": "8",
                    "gpuAlwayson": "always_on",
                    "dramforcefreq": "0",
                    "suRateUs": "10000,5000,5000"
                }
            }
        },
        {
            "name": "performance",
            "note": "费电模式，保证费电的同时多一点流畅度",
            "actions": {
                "normal": {
                    "cpuFreqMax0": "1800000",
                    "cpuFreqMin0": "1100000",
                    "cpuFreqMax1": "1800000",
                    "cpuFreqMin1": "1100000",
                    "cpuFreqMax2": "2300000",
                    "cpuFreqMin2": "1800000",
                    "schedBoost": "0",
                    "topBoost": "0",
                    "heavyBoost": "0",
                    "bgBoost": "80",
                    "sysbgBoost": "80",
                    "uxAffinity": "4",
                    "dispFeature": "0",
                    "gpumax": "20",
                    "gpudvfsstep": "12",
                    "gpuAlwayson": "always_on",
                    "dramforcefreq": "-1",
                    "suRateUs": "10000,0,0"
                },
                "active": {
                    "cpuFreqMax0": "1800000",
                    "cpuFreqMin0": "1300000",
                    "cpuFreqMax1": "1900000",
                    "cpuFreqMin1": "1300000",
                    "cpuFreqMax2": "2300000",
                    "cpuFreqMin2": "1800000",
                    "schedBoost": "0",
                    "topBoost": "0",
                    "heavyBoost": "0",
                    "bgBoost": "80",
                    "sysbgBoost": "80",
                    "uxAffinity": "4",
                    "dispFeature": "1",
                    "gpumax": "15",
                    "gpudvfsstep": "10",
                    "gpudvfsload": "130",
                    "gpuAlwayson": "always_on",
                    "dramforcefreq": "0",
                    "suRateUs": "10000,0,0"
                },
                "interaction": {
                    "cpuFreqMax0": "1800000",
                    "cpuFreqMin0": "1500000",
                    "cpuFreqMax1": "1700000",
                    "cpuFreqMin1": "1500000",
                    "cpuFreqMax2": "2000000",
                    "cpuFreqMin2": "1300000",
                    "schedBoost": "0",
                    "topBoost": "0",
                    "heavyBoost": "0",
                    "bgBoost": "45",
                    "sysbgBoost": "45",
                    "uxAffinity": "3",
                    "dispFeature": "2",
                    "gpumax": "13",
                    "gpudvfsstep": "10",
                    "gpudvfsload": "135",
                    "gpuAlwayson": "always_on",
                    "dramforcefreq": "0",
                    "suRateUs": "10000,0,0"
                },
                "pressed": {
                    "cpuFreqMax0": "1800000",
                    "cpuFreqMin0": "1600000",
                    "cpuFreqMax1": "1400000",
                    "cpuFreqMin1": "1500000",
                    "cpuFreqMax2": "2000000",
                    "cpuFreqMin2": "1700000",
                    "schedBoost": "0",
                    "topBoost": "0",
                    "heavyBoost": "0",
                    "bgBoost": "45",
                    "sysbgBoost": "45",
                    "uxAffinity": "3",
                    "dispFeature": "2",
                    "gpumax": "12",
                    "gpudvfsstep": "10",
                    "gpudvfsload": "135",
                    "gpuAlwayson": "always_on",
                    "dramforcefreq": "0",
                    "suRateUs": "10000,0,0"
                },
                "heavyLoad": {
                    "cpuFreqMax0": "1800000",
                    "cpuFreqMin0": "1500000",
                    "cpuFreqMax1": "1700000",
                    "cpuFreqMin1": "1700000",
                    "cpuFreqMax2": "2300000",
                    "cpuFreqMin2": "1800000",
                    "schedBoost": "1",
                    "topBoost": "0",
                    "heavyBoost": "0",
                    "bgBoost": "45",
                    "sysbgBoost": "45",
                    "uxAffinity": "3",
                    "dispFeature": "2",
                    "gpumax": "10",
                    "gpudvfsstep": "10",
                    "gpudvfsload": "130",
                    "gpuAlwayson": "always_on",
                    "dramforcefreq": "0",
                    "suRateUs": "10000,0,0"
                },
                "sfLag": {
                    "cpuFreqMax0": "1800000",
                    "cpuFreqMin0": "1400000",
                    "cpuFreqMax1": "1400000",
                    "cpuFreqMin1": "1400000",
                    "cpuFreqMax2": "2300000",
                    "cpuFreqMin2": "1800000",
                    "uxAffinity": "3",
                    "gpumax": "10",
                    "gpudvfsstep": "10",
                    "gpudvfsload": "125",
                    "gpuAlwayson": "always_on",
                    "dramforcefreq": "0",
                    "suRateUs": "10000,0,0"
                },
                "sfBoost": {
                    "cpuFreqMax0": "1800000",
                    "cpuFreqMin0": "1500000",
                    "cpuFreqMax1": "1600000",
                    "cpuFreqMin1": "1600000",
                    "cpuFreqMax2": "2000000",
                    "cpuFreqMin2": "2000000",
                    "topBoost": "0",
                    "heavyBoost": "0",
                    "bgBoost": "45",
                    "sysbgBoost": "45",
                    "uxAffinity": "3",
                    "gpumax": "07",
                    "gpudvfsstep": "10",
                    "gpudvfsload": "155",
                    "gpuAlwayson": "always_on",
                    "dramforcefreq": "0",
                    "suRateUs": "10000,0,0"
                }
            }
        },
        {
            "name": "fast",
            "note": "极速模式，保证绝对费电",
            "actions": {
                "normal": {
                    "cpuFreqMax0": "1800000",
                    "cpuFreqMin0": "1800000",
                    "cpuFreqMax1": "2850000",
                    "cpuFreqMin1": "2800000",
                    "cpuFreqMax2": "3050000",
                    "cpuFreqMin2": "3000000",
                    "schedBoost": "0",
                    "topBoost": "0",
                    "heavyBoost": "0",
                    "bgBoost": "45",
                    "sysbgBoost": "45",
                    "uxAffinity": "4",
                    "dispFeature": "0",
                    "gpumax": "00",
                    "gpudvfsstep": "95",
                    "gpudvfsload": "145",
                    "gpuAlwayson": "always_on",
                    "dramforcefreq": "-1",
                    "suRateUs": "10000,0,0"
                },
                "active": {
                    "cpuFreqMax0": "1800000",
                    "cpuFreqMin0": "1800000",
                    "cpuFreqMax1": "2850000",
                    "cpuFreqMin1": "2850000",
                    "cpuFreqMax2": "3050000",
                    "cpuFreqMin2": "3050000",
                    "schedBoost": "0",
                    "topBoost": "0",
                    "heavyBoost": "0",
                    "bgBoost": "45",
                    "sysbgBoost": "45",
                    "uxAffinity": "4",
                    "dispFeature": "1",
                    "gpumax": "00",
                    "gpudvfsstep": "95",
                    "gpudvfsload": "145",
                    "gpuAlwayson": "always_on",
                    "dramforcefreq": "0",
                    "suRateUs": "10000,0,0"
                },
                "interaction": {
                    "cpuFreqMax0": "1800000",
                    "cpuFreqMin0": "1800000",
                    "cpuFreqMax1": "2850000",
                    "cpuFreqMin1": "2800000",
                    "cpuFreqMax2": "3050000",
                    "cpuFreqMin2": "3000000",
                    "schedBoost": "0",
                    "topBoost": "0",
                    "heavyBoost": "0",
                    "bgBoost": "45",
                    "sysbgBoost": "45",
                    "uxAffinity": "3",
                    "dispFeature": "2",
                    "gpumax": "00",
                    "gpudvfsstep": "95",
                    "gpudvfsload": "145",
                    "gpuAlwayson": "always_on",
                    "dramforcefreq": "0",
                    "suRateUs": "10000,0,0"
                },
                "pressed": {
                    "cpuFreqMax0": "1800000",
                    "cpuFreqMin0": "1800000",
                    "cpuFreqMax1": "2850000",
                    "cpuFreqMin1": "2850000",
                    "cpuFreqMax2": "3050000",
                    "cpuFreqMin2": "3050000",
                    "schedBoost": "0",
                    "topBoost": "0",
                    "heavyBoost": "0",
                    "bgBoost": "45",
                    "sysbgBoost": "45",
                    "uxAffinity": "3",
                    "dispFeature": "2",
                    "gpumax": "00",
                    "gpudvfsstep": "95",
                    "gpudvfsload": "145",
                    "gpuAlwayson": "always_on",
                    "dramforcefreq": "0",
                    "suRateUs": "10000,0,0"
                },
                "heavyLoad": {
                    "cpuFreqMax0": "1800000",
                    "cpuFreqMin0": "1800000",
                    "cpuFreqMax1": "2850000",
                    "cpuFreqMin1": "2850000",
                    "cpuFreqMax2": "3050000",
                    "cpuFreqMin2": "3050000",
                    "schedBoost": "1",
                    "topBoost": "0",
                    "heavyBoost": "0",
                    "bgBoost": "45",
                    "sysbgBoost": "45",
                    "uxAffinity": "3",
                    "dispFeature": "2",
                    "gpumax": "00",
                    "gpudvfsstep": "95",
                    "gpudvfsload": "145",
                    "gpuAlwayson": "always_on",
                    "dramforcefreq": "0",
                    "suRateUs": "10000,0,0"
                },
                "sfLag": {
                    "cpuFreqMax0": "1800000",
                    "cpuFreqMin0": "1800000",
                    "cpuFreqMax1": "2850000",
                    "cpuFreqMin1": "2850000",
                    "cpuFreqMax2": "3050000",
                    "cpuFreqMin2": "3050000",
                    "uxAffinity": "3",
                    "gpumax": "00",
                    "gpudvfsstep": "95",
                    "gpudvfsload": "145",
                    "gpuAlwayson": "always_on",
                    "dramforcefreq": "0",
                    "suRateUs": "10000,0,0"
                },
                "sfBoost": {
                    "cpuFreqMax0": "1800000",
                    "cpuFreqMin0": "1800000",
                    "cpuFreqMax1": "2850000",
                    "cpuFreqMin1": "2850000",
                    "cpuFreqMax2": "3050000",
                    "cpuFreqMin2": "3050000",
                    "topBoost": "0",
                    "heavyBoost": "0",
                    "bgBoost": "45",
                    "sysbgBoost": "45",
                    "uxAffinity": "3",
                    "gpumax": "00",
                    "gpudvfsstep": "95",
                    "gpudvfsload": "145",
                    "gpuAlwayson": "always_on",
                    "dramforcefreq": "0",
                    "suRateUs": "10000,0,0"
                }
            }
        }
    ]
}