{
    "version": "uperf-for-mtk,v3(22.04.09),hamjin(22.04.17)",
    "versionCode": 20220417,
    "author": "yc9559&hamjin",
    "project_url": "https://gitee.com/hamjin/uperf",
    "features": {
        "strict": true,
        "pedestal": true
    },
    "module": "uperf",
    "features_note": {
        "strict": "表示此配置支持[增强调度(严格模式)]特性",
        "pedestal": "表示此配置支持[底座模式]特性"
    },
    "entry": "/data/powercfg.sh",
    "files": [
        "/data/powercfg.sh"
    ]
}