{
    "meta": {
        "name": "Dimensity 8100(mt6895)[22.04.30] && GPU [22.04.23]",
        "author": "yc@coolapk && hamjin@coolapk"
    },
    "modules": {
        "switcher": {
            "switchInode": "/sdcard/Android/yc/uperf/cur_powermode.txt",
            "perapp": "/sdcard/Android/yc/uperf/perapp_powermode.txt",
            "hintDuration": {
                "idle": 0.0,
                "touch": 4.0,
                "fling": 0.05,
                "gesture": 0.2,
                "switch": 0.2,
                "junk": 0.05,
                "swjunk": 0.1
            }
        },
        "atrace": {
            "enable": false
        },
        "log": {
            "level": "info"
        },
        "input": {
            "enable": true,
            "swipeThd": 0.01,
            "gestureThdX": 0.03,
            "gestureThdY": 0.03,
            "gestureDelayTime": 2.0,
            "holdEnterTime": 1.0
        },
        "sfanalysis": {
            "enable": true,
            "renderIdleSlackTime": 0.2
        },
        "anim": {
            "enable": true
        },
        "cpu": {
            "enable": true,
            "powerModel": [
                {
                    "efficiency": 115,
                    "nr": 4,
                    "typicalPower": 0.36,
                    "typicalFreq": 2.0,
                    "sweetFreq": 1.4,
                    "plainFreq": 1.0,
                    "freeFreq": 0.6
                },
                {
                    "efficiency": 320,
                    "nr": 3,
                    "typicalPower": 1.36,
                    "typicalFreq": 2.8,
                    "sweetFreq": 1.8,
                    "plainFreq": 1.0,
                    "freeFreq": 0.7
                },
                {
                    "efficiency": 320,
                    "nr": 1,
                    "typicalPower": 1.36,
                    "typicalFreq": 2.8,
                    "sweetFreq": 2.2,
                    "plainFreq": 1.4,
                    "freeFreq": 0.9
                }
            ]
        },
        "sysfs": {
            "enable": true,
            "knob": {
                "cpusetTa": "/dev/cpuset/top-app/cpus",
                "cpusetFg": "/dev/cpuset/foreground/cpus",
                "cpusetBg": "/dev/cpuset/background/cpus",
                "cpusetSysBg": "/dev/cpuset/system-background/cpus",
                "cpusetRe": "/dev/cpuset/restricted/cpus",
                "gpuIdxMax": "/dev/gpufreq_id",
                "gpuIdxStep": "/dev/gpufreq_step",
                "ddrBoost": "/sys/kernel/helio-dvfsrc/dvfsrc_force_vcore_dvfs_opp"
            }
        },
        "sched": {
            "enable": true,
            "cpumask": {
                "all": [
                    0,
                    1,
                    2,
                    3,
                    4,
                    5,
                    6,
                    7
                ],
                "norm": [
                    0,
                    1,
                    2,
                    3,
                    4,
                    5,
                    6
                ],
                "perf": [
                    4,
                    5,
                    6,
                    7
                ],
                "eff": [
                    0,
                    1,
                    2,
                    3
                ],
                "bal": [
                    4,
                    5,
                    6
                ],
                "max": [
                    7
                ],
                "gtcoop": [
                    4,
                    5
                ],
                "gtrend": [
                    6,
                    7
                ]
            },
            "affinity": {
                "norm": {
                    "bg": "eff",
                    "fg": "norm",
                    "idle": "all",
                    "touch": "all",
                    "boost": "all"
                },
                "bg": {
                    "bg": "eff",
                    "fg": "eff",
                    "idle": "",
                    "touch": "eff",
                    "boost": "eff"
                },
                "coop": {
                    "bg": "eff",
                    "fg": "eff",
                    "idle": "",
                    "touch": "norm",
                    "boost": "norm"
                },
                "trig": {
                    "bg": "eff",
                    "fg": "eff",
                    "idle": "eff",
                    "touch": "bal",
                    "boost": "bal"
                },
                "crit": {
                    "bg": "eff",
                    "fg": "norm",
                    "idle": "",
                    "touch": "bal",
                    "boost": "bal"
                },
                "main": {
                    "bg": "norm",
                    "fg": "norm",
                    "idle": "norm",
                    "touch": "bal",
                    "boost": "all"
                },
                "sfbinder": {
                    "bg": "norm",
                    "fg": "norm",
                    "idle": "norm",
                    "touch": "perf",
                    "boost": "perf"
                },
                "ssbinder": {
                    "bg": "norm",
                    "fg": "norm",
                    "idle": "eff",
                    "touch": "perf",
                    "boost": "perf"
                },
                "gtcoop": {
                    "bg": "norm",
                    "fg": "norm",
                    "idle": "perf",
                    "touch": "gtcoop",
                    "boost": "gtcoop"
                },
                "gtrend": {
                    "bg": "norm",
                    "fg": "norm",
                    "idle": "perf",
                    "touch": "gtrend",
                    "boost": "gtrend"
                },
                "auto": {
                    "bg": "",
                    "fg": "",
                    "idle": "",
                    "touch": "",
                    "boost": ""
                }
            },
            "prio": {
                "rtsys": {
                    "bg": 97,
                    "fg": 97,
                    "idle": 97,
                    "touch": 96,
                    "boost": 97
                },
                "rtusr": {
                    "bg": 98,
                    "fg": 98,
                    "idle": 98,
                    "touch": 97,
                    "boost": 98
                },
                "high": {
                    "bg": 102,
                    "fg": 102,
                    "idle": 101,
                    "touch": 100,
                    "boost": 100
                },
                "ux": {
                    "bg": -3,
                    "fg": 116,
                    "idle": 110,
                    "touch": 104,
                    "boost": -3
                },
                "low": {
                    "bg": -3,
                    "fg": -3,
                    "idle": 130,
                    "touch": 139,
                    "boost": -3
                },
                "bg": {
                    "bg": -3,
                    "fg": -3,
                    "idle": -3,
                    "touch": -3,
                    "boost": -3
                },
                "norm": {
                    "bg": -3,
                    "fg": -1,
                    "idle": -1,
                    "touch": -1,
                    "boost": -3
                },
                "auto": {
                    "bg": 0,
                    "fg": 0,
                    "idle": 0,
                    "touch": 0,
                    "boost": 0
                }
            },
            "rules": [
                {
                    "name": "WebView",
                    "regex": "com.google.android.webview",
                    "pinned": true,
                    "rules": []
                },
                {
                    "name": "Launcher",
                    "regex": "/HOME_PACKAGE/",
                    "pinned": true,
                    "rules": [
                        {
                            "k": "/MAIN_THREAD/",
                            "ac": "crit",
                            "pc": "rtusr"
                        },
                        {
                            "k": "^(RenderThread|GLThread)",
                            "ac": "crit",
                            "pc": "rtusr"
                        },
                        {
                            "k": "^Binder:",
                            "ac": "crit",
                            "pc": "auto"
                        },
                        {
                            "k": "^(Jit thread pool|HeapTaskDaemon|FinalizerDaemon|ReferenceQueueD)",
                            "ac": "coop",
                            "pc": "auto"
                        },
                        {
                            "k": "^(GPU completion|HWC release|hwui|FramePolicy|ScrollPolicy|ged-swd|mali-)",
                            "ac": "bg",
                            "pc": "rtusr"
                        },
                        {
                            "k": ".",
                            "ac": "coop",
                            "pc": "high"
                        }
                    ]
                },
                {
                    "name": "SystemUI",
                    "regex": "com.android.systemui",
                    "pinned": true,
                    "rules": [
                        {
                            "k": "/MAIN_THREAD/",
                            "ac": "coop",
                            "pc": "auto"
                        },
                        {
                            "k": "^RenderThread",
                            "ac": "coop",
                            "pc": "auto"
                        },
                        {
                            "k": "^(HeapTaskDaemon|FinalizerDaemon|ReferenceQueueD)",
                            "ac": "bg",
                            "pc": "auto"
                        }
                    ]
                },
                {
                    "name": "SurfaceFlinger",
                    "regex": "/system/bin/surfaceflinger",
                    "pinned": true,
                    "rules": [
                        {
                            "k": "/MAIN_THREAD/",
                            "ac": "trig",
                            "pc": "rtsys"
                        },
                        {
                            "k": "^RenderEngine",
                            "ac": "crit",
                            "pc": "rtsys"
                        },
                        {
                            "k": "^Binder:",
                            "ac": "sfbinder",
                            "pc": "auto"
                        },
                        {
                            "k": "^app",
                            "ac": "trig",
                            "pc": "rtsys"
                        },
                        {
                            "k": "^[Ss]f|Timer|Idle",
                            "ac": "bg",
                            "pc": "rtsys"
                        },
                        {
                            "k": ".",
                            "ac": "bg",
                            "pc": "rtsys"
                        }
                    ]
                },
                {
                    "name": "SystemServer",
                    "regex": "system_server",
                    "pinned": true,
                    "rules": [
                        {
                            "k": "^android.anim",
                            "ac": "crit",
                            "pc": "rtusr"
                        },
                        {
                            "k": "^(android.display|android.ui)",
                            "ac": "bg",
                            "pc": "rtusr"
                        },
                        {
                            "k": "^[Ii]nput",
                            "ac": "trig",
                            "pc": "rtusr"
                        },
                        {
                            "k": "^Async",
                            "ac": "crit",
                            "pc": "low"
                        },
                        {
                            "k": "^Binder:",
                            "ac": "ssbinder",
                            "pc": "auto"
                        },
                        {
                            "k": "^(Gralloc|MiuiFreeForm|ActivityManager|OomAdjuster|ProcessCpuLimit)",
                            "ac": "trig",
                            "pc": "auto"
                        },
                        {
                            "k": "^(Jit thread pool|HeapTaskDaemon|FinalizerDaemon|ReferenceQueueD)",
                            "ac": "coop",
                            "pc": "auto"
                        },
                        {
                            "k": "^(TaskSnapshot|Greezer|CachedApp|SystemPressure|SensorService|WifiHandler)",
                            "ac": "bg",
                            "pc": "bg"
                        },
                        {
                            "k": "[Mm]emory",
                            "ac": "bg",
                            "pc": "bg"
                        },
                        {
                            "k": ".",
                            "ac": "coop",
                            "pc": "auto"
                        }
                    ]
                },
                {
                    "name": "AndroidPhone",
                    "regex": "com.android.phone",
                    "pinned": true,
                    "rules": [
                        {
                            "k": ".",
                            "ac": "coop",
                            "pc": "auto"
                        }
                    ]
                },
                {
                    "name": "MediaProvider",
                    "regex": "^com.android.providers.media",
                    "pinned": true,
                    "rules": [
                        {
                            "k": ".",
                            "ac": "auto",
                            "pc": "bg"
                        }
                    ]
                },
                {
                    "name": "Display composer/allocator",
                    "regex": "composer|allocator",
                    "pinned": true,
                    "rules": [
                        {
                            "k": "^HwBinder:",
                            "ac": "crit",
                            "pc": "rtsys"
                        },
                        {
                            "k": ".",
                            "ac": "auto",
                            "pc": "rtsys"
                        }
                    ]
                },
                {
                    "name": "Memory reclaim",
                    "regex": "^(kswapd0|ion-pool-)",
                    "pinned": true,
                    "rules": [
                        {
                            "k": ".",
                            "ac": "coop",
                            "pc": "low"
                        }
                    ]
                },
                {
                    "name": "Memory compress",
                    "regex": "^kcompactd0",
                    "pinned": true,
                    "rules": [
                        {
                            "k": ".",
                            "ac": "bg",
                            "pc": "bg"
                        }
                    ]
                },
                {
                    "name": "Uperf",
                    "regex": "uperf",
                    "pinned": true,
                    "rules": [
                        {
                            "k": "HeavyWorker",
                            "ac": "bg",
                            "pc": "auto"
                        },
                        {
                            "k": ".",
                            "ac": "bg",
                            "pc": "auto"
                        }
                    ]
                },
                {
                    "name": "gpu_adj",
                    "regex": "gpu_adj",
                    "pinned": true,
                    "rules": [
                        {
                            "k": ".",
                            "ac": "bg",
                            "pc": "bg"
                        }
                    ]
                },
                {
                    "name": "Media codec",
                    "regex": "^(media|audioserver)|android.hardware.media|android.hardware.audio",
                    "pinned": false,
                    "rules": [
                        {
                            "k": "Binder:",
                            "ac": "crit",
                            "pc": "auto"
                        },
                        {
                            "k": ".",
                            "ac": "bg",
                            "pc": "auto"
                        }
                    ]
                },
                {
                    "name": "Other system processes",
                    "regex": "^(/system|/vendor|magiskd|zygiskd)|@|-service$",
                    "pinned": false,
                    "rules": [
                        {
                            "k": ".",
                            "ac": "auto",
                            "pc": "auto"
                        }
                    ]
                },
                {
                    "name": "App co-process",
                    "regex": "[.].+:",
                    "pinned": false,
                    "rules": [
                        {
                            "k": "^Binder:",
                            "ac": "norm",
                            "pc": "auto"
                        }
                    ]
                },
                {
                    "name": "Default rule",
                    "regex": ".",
                    "pinned": false,
                    "rules": [
                        {
                            "k": "/MAIN_THREAD/",
                            "ac": "main",
                            "pc": "ux"
                        },
                        {
                            "k": "[.]ui$",
                            "ac": "main",
                            "pc": "ux"
                        },
                        {
                            "k": "^(UnityMain|UnityGfx)",
                            "ac": "gtrend",
                            "pc": "norm"
                        },
                        {
                            "k": "^(Unity|Worker Thread)",
                            "ac": "gtcoop",
                            "pc": "norm"
                        },
                        {
                            "k": "^(NativeThread|Timer-|MIHOYO_NETWORK)",
                            "ac": "bg",
                            "pc": "norm"
                        },
                        {
                            "k": "^RenderThread ",
                            "ac": "gtrend",
                            "pc": "norm"
                        },
                        {
                            "k": "^TaskGraphNP",
                            "ac": "gtcoop",
                            "pc": "norm"
                        },
                        {
                            "k": "^(Chrome_InProc|CrRendererMain|CrGpuMain|CompositorTile)",
                            "ac": "coop",
                            "pc": "norm"
                        },
                        {
                            "k": "^(Viz|Chrome_|Compositor)",
                            "ac": "coop",
                            "pc": "high"
                        },
                        {
                            "k": "^(JS|libweexjsb|WeexJsBridge|mqt_native|mqt_js|JavaScriptTh)",
                            "ac": "coop",
                            "pc": "low"
                        },
                        {
                            "k": "^(Jit thread pool|HeapTaskDaemon|FinalizerDaemon|ReferenceQueueD)",
                            "ac": "coop",
                            "pc": "low"
                        },
                        {
                            "k": "[Aa]sync",
                            "ac": "norm",
                            "pc": "low"
                        },
                        {
                            "k": "[Vv]sync",
                            "ac": "coop",
                            "pc": "ux"
                        },
                        {
                            "k": "^(pool-|glide-|launcher-)",
                            "ac": "coop",
                            "pc": "bg"
                        },
                        {
                            "k": "^(OkHttp|glide-|Ysa|Xqa|Rx|Fresco|TVKDL|APM|tp-|cgi-|ODCP-|Bugly|xlog_)",
                            "ac": "bg",
                            "pc": "bg"
                        },
                        {
                            "k": "^(xg_vip_service|Profile|SearchDaemon|default_matrix)",
                            "ac": "bg",
                            "pc": "bg"
                        },
                        {
                            "k": "^([Dd]ownload|ThreadPoolForeg|launcher-idle-|fe_single_pool)",
                            "ac": "bg",
                            "pc": "bg"
                        },
                        {
                            "k": "[Ss]chedule|[Ww]ork|[.][.][.]$|[.]so$",
                            "ac": "bg",
                            "pc": "norm"
                        },
                        {
                            "k": "^(GPU completion|HWC release|hwui|FramePolicy|ScrollPolicy|ged-swd|mali-)",
                            "ac": "bg",
                            "pc": "rtusr"
                        },
                        {
                            "k": "^(RenderThread|GLThread|JNISurfaceText|IJK_External_Re)",
                            "ac": "crit",
                            "pc": "ux"
                        },
                        {
                            "k": "[.]raster$",
                            "ac": "crit",
                            "pc": "ux"
                        },
                        {
                            "k": "[Aa]nim",
                            "ac": "crit",
                            "pc": "ux"
                        },
                        {
                            "k": "^Binder:",
                            "ac": "trig",
                            "pc": "auto"
                        },
                        {
                            "k": ".",
                            "ac": "norm",
                            "pc": "norm"
                        }
                    ]
                }
            ]
        }
    },
    "initials": {
        "cpu": {
            "baseSampleTime": 0.01,
            "baseSlackTime": 0.01,
            "latencyTime": 0.5,
            "slowLimitPower": 3.0,
            "fastLimitPower": 6.0,
            "fastLimitCapacity": 10.0,
            "fastLimitRecoverScale": 0.6,
            "predictThd": 0.1,
            "margin": 0.25,
            "burst": 0.0,
            "guideFloor": false,
            "guideCeiling": false
        },
        "sysfs": {
            "cpusetTa": "0-7",
            "cpusetFg": "0-6",
            "cpusetBg": "0-2",
            "cpusetSysBg": "0-2",
            "cpusetRe": "1-6",
            "gpuIdxMax": "35",
            "gpuIdxStep": "04",
            "ddrBoost": "99"
        },
        "sched": {
            "scene": "idle"
        }
    },
    "presets": {
        "balance": {
            "*": {
                "cpu.latencyTime": 0.2,
                "cpu.predictThd": 1.0,
                "cpu.slowLimitPower": 2.5,
                "cpu.fastLimitPower": 4.0,
                "cpu.fastLimitCapacity": 3.0,
                "cpu.margin": 0.2,
                "sysfs.gpuIdxMax": "20",
                "sysfs.gpuIdxStep": "04",
                "sysfs.ddrBoost": "99"
            },
            "idle": {
                "cpu.baseSampleTime": 0.04,
                "cpu.baseSlackTime": 0.08,
                "cpu.guideCeiling": true,
                "sched.scene": "idle"
            },
            "touch": {
                "sched.scene": "touch"
            },
            "fling": {
                "cpu.burst": 0.2,
                "sched.scene": "touch"
            },
            "gesture": {
                "cpu.burst": 0.4,
                "sched.scene": "touch"
            },
            "junk": {
                "cpu.burst": 0.55,
                "sched.scene": "touch"
            },
            "switch": {
                "cpu.burst": 0.2,
                "sched.scene": "boost",
                "sysfs.gpuIdxMax": "10",
                "sysfs.gpuIdxStep": "10",
                "sysfs.ddrBoost": "0"
            },
            "swjunk": {
                "cpu.burst": 0.55,
                "sched.scene": "boost",
                "sysfs.gpuIdxMax": "10",
                "sysfs.gpuIdxStep": "10",
                "sysfs.ddrBoost": "0"
            }
        },
        "powersave": {
            "*": {
                "cpu.baseSampleTime": 0.04,
                "cpu.baseSlackTime": 0.04,
                "cpu.latencyTime": 0.4,
                "cpu.predictThd": 1.0,
                "cpu.slowLimitPower": 1.5,
                "cpu.fastLimitPower": 2.5,
                "cpu.fastLimitCapacity": 1.5,
                "cpu.margin": 0.1,
                "sysfs.gpuIdxMax": "25",
                "sysfs.gpuIdxStep": "01",
                "sysfs.ddrBoost": "99"
            },
            "idle": {
                "cpu.baseSampleTime": 0.04,
                "cpu.baseSlackTime": 0.08,
                "cpu.guideCeiling": true,
                "sched.scene": "idle",
                "sysfs.gpuIdxMax": "30"
            },
            "touch": {
                "sched.scene": "touch"
            },
            "fling": {
                "cpu.burst": 0.2,
                "sched.scene": "touch"
            },
            "gesture": {
                "cpu.burst": 0.4,
                "sched.scene": "touch"
            },
            "junk": {
                "cpu.burst": 0.55,
                "sched.scene": "touch"
            },
            "switch": {
                "cpu.burst": 0.2,
                "sched.scene": "boost"
            },
            "swjunk": {
                "cpu.burst": 0.55,
                "sched.scene": "boost"
            }
        },
        "performance": {
            "*": {
                "cpu.latencyTime": 0.0,
                "cpu.slowLimitPower": 5.0,
                "cpu.fastLimitPower": 10.0,
                "cpu.fastLimitCapacity": 300.0,
                "cpu.margin": 0.4,
                "sysfs.gpuIdxMax": "00",
                "sysfs.gpuIdxStep": "10",
                "sysfs.ddrBoost": "0"
            },
            "idle": {
                "cpu.baseSampleTime": 0.01,
                "cpu.baseSlackTime": 0.04,
                "cpu.guideCeiling": true,
                "sched.scene": "idle"
            },
            "touch": {
                "sched.scene": "touch"
            },
            "fling": {
                "cpu.burst": 0.2,
                "sched.scene": "touch"
            },
            "gesture": {
                "cpu.burst": 0.4,
                "sched.scene": "touch"
            },
            "junk": {
                "cpu.burst": 0.55,
                "sched.scene": "touch"
            },
            "switch": {
                "cpu.burst": 0.3,
                "sched.scene": "boost"
            },
            "swjunk": {
                "cpu.burst": 0.55,
                "sched.scene": "boost"
            }
        },
        "fast": {
            "*": {
                "cpu.latencyTime": 0.0,
                "cpu.slowLimitPower": 3.0,
                "cpu.fastLimitPower": 3.0,
                "cpu.fastLimitCapacity": 0.0,
                "cpu.margin": 0.3,
                "sysfs.gpuIdxMax": "10",
                "sysfs.gpuIdxStep": "01",
                "sysfs.ddrBoost": "0"
            },
            "idle": {
                "cpu.baseSampleTime": 0.01,
                "cpu.baseSlackTime": 0.04,
                "cpu.guideCeiling": true,
                "sched.scene": "idle"
            },
            "touch": {
                "sched.scene": "touch"
            },
            "fling": {
                "cpu.burst": 0.2,
                "sched.scene": "touch"
            },
            "gesture": {
                "cpu.burst": 0.4,
                "sched.scene": "touch"
            },
            "junk": {
                "cpu.burst": 0.55,
                "sched.scene": "touch"
            },
            "switch": {
                "cpu.burst": 0.3,
                "sched.scene": "boost"
            },
            "swjunk": {
                "cpu.burst": 0.55,
                "sched.scene": "boost"
            }
        }
    }
}