{
    "meta": {
        "name": "Dimensity 1000(mt6889)/1000+(mt6889z)/1000L(mt6885)[22.06.05] && mtk [22.06.05]",
        "author": "yc@coolapk && hamjin@coolapk "
    },
    "modules": {
        "switcher": {
            "switchInode": "/data/media/0/Android/yc/uperf/cur_powermode.txt",
            "perapp": "/data/media/0/Android/yc/uperf/perapp_powermode.txt",
            "hintDuration": {
                "idle": 0.0,
                "touch": 4.0,
                "trigger": 0.02,
                "gesture": 0.1,
                "switch": 0.4,
                "junk": 0.02,
                "swjunk": 0.02
            }
        },
        "atrace": {
            "enable": false
        },
        "log": {
            "level": "info"
        },
        "input": {
            "enable": true,
            "swipeThd": 0.01,
            "gestureThdX": 0.03,
            "gestureThdY": 0.03,
            "gestureDelayTime": 2.0,
            "holdEnterTime": 1.0
        },
        "sfanalysis": {
            "enable": true,
            "renderIdleSlackTime": 0.2
        },
        "cpu": {
            "enable": true,
            "powerModel": [
                {
                    "efficiency": 100,
                    "nr": 4,
                    "typicalPower": 0.36,
                    "typicalFreq": 2.0,
                    "sweetFreq": 1.6,
                    "plainFreq": 1.3,
                    "freeFreq": 0.5
                },
                {
                    "efficiency": 300,
                    "nr": 4,
                    "typicalPower": 1.65,
                    "typicalFreq": 2.6,
                    "sweetFreq": 1.7,
                    "plainFreq": 1.0,
                    "freeFreq": 0.5
                }
            ]
        },
        "sysfs": {
            "enable": true,
            "knob": {
                "cpusetTa": "/dev/cpuset/top-app/cpus",
                "cpusetFg": "/dev/cpuset/foreground/cpus",
                "cpusetBg": "/dev/cpuset/background/cpus",
                "cpusetRe": "/dev/cpuset/restricted/cpus",
                "cpusetSysBg": "/dev/cpuset/system-background/cpus",
                "gpuIdxMax": "/sys/kernel/ged/hal/custom_upbound_gpu_freq",
                "gpuIdxMin": "/sys/kernel/ged/hal/custom_boost_gpu_freq",
                "ddrFreq": "/sys/devices/platform/10012000.dvfsrc/helio-dvfsrc/dvfsrc_force_vcore_dvfs_opp",
                "ddrboost": "/sys/devices/platform/boot_dramboost/dramboost/dramboost",
                "cciboost": "/proc/cpufreq/cpufreq_cci_mode"
            }
        },
        "sched": {
            "enable": true,
            "cpumask": {
                "all": [
                    0,
                    1,
                    2,
                    3,
                    4,
                    5,
                    6,
                    7
                ],
                "norm": [
                    0,
                    1,
                    2,
                    3,
                    4,
                    5,
                    6
                ],
                "perf": [
                    4,
                    5,
                    6,
                    7
                ],
                "eff": [
                    0,
                    1,
                    2,
                    3
                ],
                "bal": [
                    4,
                    5,
                    6
                ],
                "max": [
                    7
                ],
                "gtcoop": [
                    4,
                    5,
                    6
                ],
                "gtmain": [
                    7
                ]
            },
            "affinity": {
                "auto": {
                    "bg": "",
                    "fg": "",
                    "idle": "",
                    "touch": "",
                    "boost": ""
                },
                "norm": {
                    "bg": "norm",
                    "fg": "eff",
                    "idle": "all",
                    "touch": "norm",
                    "boost": "norm"
                },
                "bg": {
                    "bg": "norm",
                    "fg": "eff",
                    "idle": "eff",
                    "touch": "eff",
                    "boost": "eff"
                },
                "coop": {
                    "bg": "norm",
                    "fg": "norm",
                    "idle": "norm",
                    "touch": "norm",
                    "boost": "all"
                },
                "ui": {
                    "bg": "norm",
                    "fg": "norm",
                    "idle": "norm",
                    "touch": "bal",
                    "boost": "bal"
                },
                "binder": {
                    "bg": "norm",
                    "fg": "norm",
                    "idle": "norm",
                    "touch": "norm",
                    "boost": "perf"
                },
                "crit": {
                    "bg": "norm",
                    "fg": "norm",
                    "idle": "bal",
                    "touch": "bal",
                    "boost": "bal"
                },
                "gtcoop": {
                    "bg": "norm",
                    "fg": "norm",
                    "idle": "perf",
                    "touch": "gtcoop",
                    "boost": "all"
                },
                "gtmain": {
                    "bg": "norm",
                    "fg": "norm",
                    "idle": "perf",
                    "touch": "gtmain",
                    "boost": "all"
                }
            },
            "prio": {
                "auto": {
                    "bg": 0,
                    "fg": 0,
                    "idle": 0,
                    "touch": 0,
                    "boost": 0
                },
                "norm": {
                    "bg": -3,
                    "fg": -1,
                    "idle": -1,
                    "touch": -1,
                    "boost": -1
                },
                "bg": {
                    "bg": -3,
                    "fg": 139,
                    "idle": 139,
                    "touch": 139,
                    "boost": -3
                },
                "coop": {
                    "bg": -3,
                    "fg": 121,
                    "idle": 121,
                    "touch": 121,
                    "boost": -3
                },
                "ui": {
                    "bg": -3,
                    "fg": 120,
                    "idle": 110,
                    "touch": 98,
                    "boost": 116
                },
                "main": {
                    "bg": -3,
                    "fg": 120,
                    "idle": 110,
                    "touch": 104,
                    "boost": 98
                },
                "rtusr": {
                    "bg": 98,
                    "fg": 98,
                    "idle": 98,
                    "touch": 98,
                    "boost": 97
                },
                "rtsys": {
                    "bg": 97,
                    "fg": 97,
                    "idle": 97,
                    "touch": 97,
                    "boost": 96
                }
            },
            "rules": [
                {
                    "name": "Launcher",
                    "regex": "/HOME_PACKAGE/",
                    "pinned": true,
                    "rules": [
                        {
                            "k": "/MAIN_THREAD/",
                            "ac": "crit",
                            "pc": "rtusr"
                        },
                        {
                            "k": "^(RenderThread|GLThread)",
                            "ac": "crit",
                            "pc": "rtusr"
                        },
                        {
                            "k": "^(GPU completion|HWC release|hwui|FramePolicy|ScrollPolicy|ged-swd)",
                            "ac": "bg",
                            "pc": "rtusr"
                        },
                        {
                            "k": ".",
                            "ac": "auto",
                            "pc": "auto"
                        }
                    ]
                },
                {
                    "name": "SurfaceFlinger",
                    "regex": "/system/bin/surfaceflinger",
                    "pinned": true,
                    "rules": [
                        {
                            "k": "/MAIN_THREAD/",
                            "ac": "ui",
                            "pc": "auto"
                        },
                        {
                            "k": "^(app|RenderEngine)",
                            "ac": "ui",
                            "pc": "auto"
                        },
                        {
                            "k": "^Binder:",
                            "ac": "binder",
                            "pc": "auto"
                        },
                        {
                            "k": "^[Ss]f|Timer|Idle",
                            "ac": "bg",
                            "pc": "auto"
                        },
                        {
                            "k": ".",
                            "ac": "bg",
                            "pc": "auto"
                        }
                    ]
                },
                {
                    "name": "SystemServer",
                    "regex": "system_server",
                    "pinned": true,
                    "rules": [
                        {
                            "k": "^(android.anim|android.display|android.bg)",
                            "ac": "crit",
                            "pc": "rtusr"
                        },
                        {
                            "k": "^Binder:",
                            "ac": "binder",
                            "pc": "auto"
                        },
                        {
                            "k": "^(TaskSnapshot|Greezer|CachedApp|SystemPressure|SensorService)|[Mm]emory",
                            "ac": "bg",
                            "pc": "auto"
                        },
                        {
                            "k": ".",
                            "ac": "auto",
                            "pc": "auto"
                        }
                    ]
                },
                {
                    "name": "SystemUI",
                    "regex": "com.android.systemui",
                    "pinned": true,
                    "rules": [
                        {
                            "k": "^(Jit thread pool|HeapTaskDaemon|FinalizerDaemon|ReferenceQueueD)",
                            "ac": "bg",
                            "pc": "auto"
                        }
                    ]
                },
                {
                    "name": "MediaProvider",
                    "regex": "^com.android.providers.media",
                    "pinned": true,
                    "rules": [
                        {
                            "k": ".",
                            "ac": "auto",
                            "pc": "bg"
                        }
                    ]
                },
                {
                    "name": "Memory reclaim",
                    "regex": "swapd|compactd",
                    "pinned": true,
                    "rules": [
                        {
                            "k": ".",
                            "ac": "auto",
                            "pc": "bg"
                        }
                    ]
                },
                {
                    "name": "Uperf",
                    "regex": "uperf",
                    "pinned": true,
                    "rules": [
                        {
                            "k": "HeavyWorker",
                            "ac": "bg",
                            "pc": "auto"
                        },
                        {
                            "k": ".",
                            "ac": "auto",
                            "pc": "auto"
                        }
                    ]
                },
                {
                    "name": "Phone",
                    "regex": "com.android.phone",
                    "pinned": false,
                    "rules": [
                        {
                            "k": ".",
                            "ac": "auto",
                            "pc": "auto"
                        }
                    ]
                },
                {
                    "name": "Other system processes",
                    "regex": "^(/system|/vendor|magiskd|zygiskd)|@|-service$",
                    "pinned": false,
                    "rules": [
                        {
                            "k": ".",
                            "ac": "auto",
                            "pc": "auto"
                        }
                    ]
                },
                {
                    "name": "App co-process",
                    "regex": "[.].+:",
                    "pinned": false,
                    "rules": [
                        {
                            "k": "^Binder:",
                            "ac": "auto",
                            "pc": "auto"
                        },
                        {
                            "k": "^(Jit thread pool|HeapTaskDaemon|FinalizerDaemon|ReferenceQueueD)",
                            "ac": "bg",
                            "pc": "auto"
                        }
                    ]
                },
                {
                    "name": "Default rule",
                    "regex": ".",
                    "pinned": false,
                    "rules": [
                        {
                            "k": "/MAIN_THREAD/",
                            "ac": "ui",
                            "pc": "main"
                        },
                        {
                            "k": "^(UnityMain|RenderThread |GameThread)",
                            "ac": "gtmain",
                            "pc": "auto"
                        },
                        {
                            "k": "^(Unity|Worker Thread|TaskGraph|RHIThread)",
                            "ac": "gtcoop",
                            "pc": "auto"
                        },
                        {
                            "k": "^(RenderThread|GLThread|JNISurfaceText|IJK_External_Re)|[Aa]nim|([.]raster|[.]ui)$",
                            "ac": "ui",
                            "pc": "ui"
                        },
                        {
                            "k": "^(Chrome_InProc|CrRendererMain|CrGpuMain|CompositorTile)",
                            "ac": "coop",
                            "pc": "coop"
                        },
                        {
                            "k": "^(Viz|Chrome_|Compositor)|[Vv]sync|mali-",
                            "ac": "norm",
                            "pc": "ui"
                        },
                        {
                            "k": "^(OkHttp|Ysa|Xqa|Rx|Fresco|TVKDL|APM|tp-|cgi-|ODCP-|Bugly|xlog_)",
                            "ac": "bg",
                            "pc": "auto"
                        },
                        {
                            "k": "^(xg_vip_service|Profile|SearchDaemon|default_matrix|FrameDecoder|FrameSeq)",
                            "ac": "bg",
                            "pc": "auto"
                        },
                        {
                            "k": "^(GPU completion|HWC release|hwui|FramePolicy|ScrollPolicy|ged-swd)",
                            "ac": "bg",
                            "pc": "rtusr"
                        },
                        {
                            "k": "^(JS|libweexjsb|WeexJsBridge|mqt_native|mqt_js|JavaScriptTh)",
                            "ac": "coop",
                            "pc": "coop"
                        },
                        {
                            "k": "^(pool-|glide-|launcher-)|[Dd]ownload|[Ss]chedule|[Ww]ork|[Pp]ool|[Dd]efau",
                            "ac": "coop",
                            "pc": "coop"
                        },
                        {
                            "k": ".",
                            "ac": "norm",
                            "pc": "norm"
                        }
                    ]
                }
            ]
        }
    },
    "initials": {
        "cpu": {
            "baseSampleTime": 0.01,
            "baseSlackTime": 0.01,
            "latencyTime": 0.5,
            "slowLimitPower": 3.0,
            "fastLimitPower": 6.0,
            "fastLimitCapacity": 10.0,
            "fastLimitRecoverScale": 0.6,
            "predictThd": 0.1,
            "margin": 0.25,
            "burst": 0.0,
            "guideCap": true,
            "limitEfficiency": false
        },
        "sysfs": {
            "cpusetTa": "0-7",
            "cpusetFg": "0-6",
            "cpusetBg": "0-3",
            "cpusetRe": "0-6",
            "cpusetSysBg": "0-3",
            "gpuIdxMax": "08",
            "gpuIdxMin": "32",
            "ddrFreq": "99",
            "ddrboost": "0",
            "cciboost": "0"
        },
        "sched": {
            "scene": "idle"
        }
    },
    "presets": {
        "balance": {
            "*": {
                "cpu.latencyTime": 0.2,
                "cpu.slowLimitPower": 3.5,
                "cpu.fastLimitPower": 7.0,
                "cpu.fastLimitCapacity": 1.0,
                "cpu.margin": 0.2,
                "sysfs.gpuIdxMax": "20",
                "sysfs.gpuIdxMin": "32",
                "sysfs.ddrboost": "0",
                "sysfs.cciboost": "0"
            },
            "idle": {
                "cpu.baseSampleTime": 0.04,
                "cpu.baseSlackTime": 0.08,
                "cpu.predictThd": 0.1,
                "cpu.limitEfficiency": true,
                "sched.scene": "idle"
            },
            "touch": {
                "cpu.baseSampleTime": 0.04,
                "sched.scene": "touch"
            },
            "trigger": {
                "cpu.margin": 0.7,
                "sched.scene": "touch"
            },
            "gesture": {
                "cpu.margin": 0.7,
                "sched.scene": "touch",
                "sysfs.gpuIdxMin": "25"
            },
            "junk": {
                "cpu.burst": 0.55,
                "sched.scene": "touch"
            },
            "switch": {
                "cpu.latencyTime": 0.0,
                "cpu.slowLimitPower": 5.0,
                "cpu.fastLimitCapacity": 0.0,
                "cpu.margin": 0.4,
                "sched.scene": "boost",
                "sysfs.gpuIdxMax": "10",
                "sysfs.ddrboost": "1",
                "sysfs.cciboost": "1"
            },
            "swjunk": {
                "cpu.latencyTime": 0.0,
                "cpu.slowLimitPower": 5.0,
                "cpu.fastLimitCapacity": 0.0,
                "cpu.margin": 0.4,
                "cpu.burst": 0.5,
                "sched.scene": "boost",
                "sysfs.ddrboost": "1",
                "sysfs.cciboost": "1"
            }
        },
        "powersave": {
            "*": {
                "cpu.latencyTime": 0.4,
                "cpu.slowLimitPower": 1.0,
                "cpu.fastLimitPower": 2.5,
                "cpu.fastLimitCapacity": 0.5,
                "cpu.margin": 0.1,
                "sysfs.gpuIdxMax": "25",
                "sysfs.gpuIdxMin": "32",
                "sysfs.ddrboost": "0",
                "sysfs.cciboost": "0"
            },
            "idle": {
                "cpu.baseSampleTime": 0.04,
                "cpu.baseSlackTime": 0.08,
                "cpu.predictThd": 1.0,
                "cpu.limitEfficiency": true
            },
            "touch": {
                "cpu.baseSampleTime": 0.04,
                "sched.scene": "touch"
            },
            "trigger": {
                "cpu.margin": 0.4,
                "sched.scene": "touch"
            },
            "gesture": {
                "cpu.margin": 0.4,
                "sched.scene": "touch"
            },
            "junk": {
                "cpu.baseSampleTime": 0.04,
                "cpu.burst": 0.3,
                "sched.scene": "touch"
            },
            "switch": {
                "cpu.latencyTime": 0.0,
                "cpu.slowLimitPower": 2.5,
                "cpu.fastLimitCapacity": 0.0,
                "cpu.margin": 0.3,
                "sched.scene": "boost"
            },
            "swjunk": {
                "cpu.latencyTime": 0.0,
                "cpu.slowLimitPower": 2.5,
                "cpu.fastLimitCapacity": 0.0,
                "cpu.margin": 0.3,
                "cpu.burst": 0.3,
                "sched.scene": "boost"
            }
        },
        "performance": {
            "*": {
                "cpu.latencyTime": 0.0,
                "cpu.slowLimitPower": 10.0,
                "cpu.fastLimitPower": 15.0,
                "cpu.fastLimitCapacity": 300.0,
                "cpu.margin": 0.6,
                "sysfs.gpuIdxMax": "07",
                "sysfs.gpuIdxMin": "15",
                "sysfs.ddrboost": "1",
                "sysfs.cciboost": "1"
            },
            "idle": {
                "cpu.baseSampleTime": 0.01,
                "cpu.baseSlackTime": 0.04,
                "sched.scene": "idle"
            },
            "touch": {
                "sched.scene": "touch"
            },
            "trigger": {
                "cpu.margin": 0.8,
                "sched.scene": "touch"
            },
            "gesture": {
                "cpu.margin": 0.8,
                "sched.scene": "touch"
            },
            "junk": {
                "cpu.burst": 0.55,
                "sched.scene": "touch"
            },
            "switch": {
                "cpu.burst": 0.2,
                "sched.scene": "boost"
            },
            "swjunk": {
                "cpu.burst": 0.55,
                "sched.scene": "boost"
            }
        },
        "pedestal": {
            "*": {
                "cpu.latencyTime": 0.0,
                "cpu.slowLimitPower": 15.0,
                "cpu.fastLimitPower": 20.0,
                "cpu.fastLimitCapacity": 300.0,
                "cpu.margin": 0.9,
                "sysfs.gpuIdxMax": "01",
                "sysfs.gpuIdxMin": "10",
                "sysfs.ddrboost": "1",
                "sysfs.cciboost": "1"
            },
            "idle": {
                "cpu.baseSampleTime": 0.01,
                "cpu.baseSlackTime": 0.04,
                "sched.scene": "idle"
            },
            "touch": {
                "sched.scene": "touch"
            },
            "trigger": {
                "cpu.margin": 0.8,
                "sched.scene": "touch"
            },
            "gesture": {
                "cpu.margin": 0.8,
                "sched.scene": "touch"
            },
            "junk": {
                "cpu.burst": 0.9,
                "sched.scene": "touch"
            },
            "switch": {
                "cpu.burst": 0.9,
                "sched.scene": "boost"
            },
            "swjunk": {
                "cpu.burst": 0.9,
                "sched.scene": "boost"
            }
        },
        "fast": {
            "*": {
                "cpu.latencyTime": 0.0,
                "cpu.slowLimitPower": 4.0,
                "cpu.fastLimitPower": 15.0,
                "cpu.fastLimitCapacity": 10.0,
                "cpu.margin": 0.4,
                "sysfs.gpuIdxMax": "10",
                "sysfs.gpuIdxMin": "20",
                "sysfs.ddrboost": "1",
                "sysfs.cciboost": "1"
            },
            "idle": {
                "cpu.baseSampleTime": 0.01,
                "cpu.baseSlackTime": 0.04,
                "sched.scene": "idle"
            },
            "touch": {
                "sched.scene": "touch"
            },
            "trigger": {
                "cpu.margin": 0.8,
                "sched.scene": "touch"
            },
            "gesture": {
                "cpu.margin": 0.8,
                "sched.scene": "touch"
            },
            "junk": {
                "cpu.burst": 0.55,
                "sched.scene": "touch"
            },
            "switch": {
                "cpu.burst": 0.2,
                "sched.scene": "boost"
            },
            "swjunk": {
                "cpu.burst": 0.55,
                "sched.scene": "boost"
            }
        }
    }
}